Workbook

Sheet Equipos
A1: Direccion IP | B1: Zona | C1: Equipo | D1: QR
A2: http://10.107.194.110/insp_pry/inspecciones/?equipo=5 | B2: Z12_CV149 | C2: Mesa de inspeccion Q1 | D2: =_xlfn.IMAGE("https://api.qrserver.com/v1/create-qr-code/?size=200x200&data=" & A2) -> #VALUE!
A3: http://10.107.194.110/insp_pry/inspecciones/?equipo=6 | B3: Z12_CV158 | C3: Mesa de inspeccion Q2 | D3: =_xlfn.IMAGE("https://api.qrserver.com/v1/create-qr-code/?size=200x200&data=" & A3) -> #VALUE!
A4: http://10.107.194.110/insp_pry/inspecciones/?equipo=7 | B4: Z12_CV166 | C4: Mesa de inspeccion Q3 | D4: =_xlfn.IMAGE("https://api.qrserver.com/v1/create-qr-code/?size=200x200&data=" & A4) -> #VALUE!
A5: http://10.107.194.110/insp_pry/inspecciones/?equipo=8 | B5: Z12_CV169 | C5: Curva Final Mesas Q1, Q2 y Q3 | D5: =_xlfn.IMAGE("https://api.qrserver.com/v1/create-qr-code/?size=200x200&data=" & A5) -> #VALUE!
A6: http://10.107.194.110/insp_pry/inspecciones/?equipo=9 | B6: Z12_CV170 | C6: Intralox en 45° sobre pasillo entre atras crane y inspeccion. | D6: =_xlfn.IMAGE("https://api.qrserver.com/v1/create-qr-code/?size=200x200&data=" & A6) -> #VALUE!
A7: http://10.107.194.110/insp_pry/inspecciones/?equipo=10 | B7: Z12_CV171 | C7: Curva sobre pasillo entre inspeccion y atras cranes | D7: =_xlfn.IMAGE("https://api.qrserver.com/v1/create-qr-code/?size=200x200&data=" & A7) -> #VALUE!
A8: http://10.107.194.110/insp_pry/inspecciones/?equipo=11 | B8: Z12_CV172 | C8: Conveyor sobre Q4 | D8: =_xlfn.IMAGE("https://api.qrserver.com/v1/create-qr-code/?size=200x200&data=" & A8) -> #VALUE!
A9: http://10.107.194.110/insp_pry/inspecciones/?equipo=12 | B9: Z12_CV173 | C9: Conveyor sobre Q5 y Q6 | D9: =_xlfn.IMAGE("https://api.qrserver.com/v1/create-qr-code/?size=200x200&data=" & A9) -> #VALUE!
A10: http://10.107.194.110/insp_pry/inspecciones/?equipo=13 | B10: Z12_CV174 | C10: Conveyor sobre Q6 | D10: =_xlfn.IMAGE("https://api.qrserver.com/v1/create-qr-code/?size=200x200&data=" & A10) -> #VALUE!
A11: http://10.107.194.110/insp_pry/inspecciones/?equipo=14 | B11: Z12_CV175 | C11: Curva sobre Q6 | D11: =_xlfn.IMAGE("https://api.qrserver.com/v1/create-qr-code/?size=200x200&data=" & A11) -> #VALUE!
A12: http://10.107.194.110/insp_pry/inspecciones/?equipo=15 | B12: Z12_CV194 | C12: Mesa de inspeccion Q6 | D12: =_xlfn.IMAGE("https://api.qrserver.com/v1/create-qr-code/?size=200x200&data=" & A12) -> #VALUE!
A13: http://10.107.194.110/insp_pry/inspecciones/?equipo=16 | B13: Z12_CV203 | C13: Mesa de inspeccion Q5 | D13: =_xlfn.IMAGE("https://api.qrserver.com/v1/create-qr-code/?size=200x200&data=" & A13) -> #VALUE!
... A412: http://10.107.194.110/insp_pry/inspecciones/?equipo=422 | B412: P2655A | C412: P2655A | D412: =_xlfn.IMAGE("https://api.qrserver.com/v1/create-qr-code/?size=200x200&data=" & A412) -> #VALUE!

Sheet SinQR
A1: 46254 | B1: 0.047164352 | C1: Luis Mella | D1: RBD02 | E1: SIN QR. EQUIPO SIN PODER HACER HOME OJO TRAS CAIDA DE VOLTAJE EN PLANTA Y EN GENERAL AL APAGAR EQUIPO | F1: OK | G1: Falta pegar
A2: 46246 | B2: 0.35331019 | C2: Luis Mella | D2: Z12CV229 | E2: TABLERO SIN FUNCIONAMIENTO CON POINT I O DESENERGIZADO FUENTE DE PODER ACTIVA AL IGUAL QUE SISTEMA DE SEGURIDAD | F2: OK | G2: Falta pegar
A3: 46246 | B3: 0.34260417 | C3: Luis Mella | D3: Z12 CV244 | E3: ITRLX | F3: CREADO | G3: Salida lubricadora 3 , intralox | H3: Agregar a planilla | I3: 374 | J3: Agregado
A4: 46243 | B4: 0.67369213 | C4: Cristian Curin | D4: CC01 P4235 | E4: - | F4: OK | G4: Falta pegar
A5: 46243 | B5: 0.67320602 | C5: Cristian Curin | D5: CC01 P4230 | E5: - | F5: OK | G5: Falta pegar
A6: 46243 | B6: 0.67258102 | C6: Cristian Curin | D6: CC01 P4225 | E6: - | F6: OK | G6: Falta pegar
A7: 46243 | B7: 0.66819444 | C7: Cristian Curin | D7: CC01 P4450 | E7: RECIRCULACION | F7: OK | G7: Falta pegar
A8: 46242 | B8: 0.37708333 | C8: Jaime Plaza | D8: UNLOAD 2 | E8: SIN QR TABLERO PRINCIPAL | F8: OK | G8: Falta pegar
A9: 46241 | B9: 0.87993056 | C9: Claudio Ramirez | D9: Z13-CV38-Z2 | E9: SIN QR | F9: OK
A10: 46241 | B10: 0.87954861 | C10: Claudio Ramirez | D10: Z13-CV38-Z1 | E10: SIN QR | F10: Pendiente
A11: 46241 | B11: 0.87857639 | C11: Claudio Ramirez | D11: Z13-CV38-Z4 | E11: SIN QR | F11: Pendiente
A12: 46241 | B12: 0.87821759 | C12: Claudio Ramirez | D12: Z13-CV38-Z3 | E12: SIN QR | F12: Pendiente
A13: 46241 | B13: 0.87662037 | C13: Claudio Ramirez | D13: Z13-CV39 | E13: SIN QR | F13: Pendiente
A14: 46241 | B14: 0.86618056 | C14: Claudio Ramirez | D14: Z13-CV33-Z4 | E14: SIN QR | F14: Pendiente
A15: 46241 | B15: 0.86570602 | C15: Claudio Ramirez | D15: Z13-CV33-Z3 | E15: SIN QR | F15: Pendiente
A16: 46241 | B16: 0.86519676 | C16: Claudio Ramirez | D16: Z13-CV32-Z2 | E16: SIN QR | F16: Pendiente
A17: 46241 | B17: 0.86488426 | C17: Claudio Ramirez | D17: Z13-CV32-Z1 | E17: SIN QR | F17: Pendiente
A18: 46241 | B18: 0.86331019 | C18: Claudio Ramirez | D18: Z13-CV30 | E18: SIN QR | F18: Pendiente
A19: 46241 | B19: 0.8587963 | C19: Claudio Ramirez | D19: Z13-CV21Z1 | E19: SIN QR | F19: Pendiente
A20: 46241 | B20: 0.85805556 | C20: Claudio Ramirez | D20: Z13-CV25Z3 | E20: SIN QR | F20: Pendiente
A21: 46241 | B21: 0.85759259 | C21: Claudio Ramirez | D21: CV28-Z4 | E21: SIN QR | F21: Pendiente
A22: 46241 | B22: 0.84813657 | C22: Christian Zuniga | D22: CV215 | E22: SIN QR
A23: 46241 | B23: 0.84792824 | C23: Christian Zuniga | D23: CV212 | E23: SIN QR
A24: 46241 | B24: 0.84751157 | C24: Christian Zuniga | D24: CV213 | E24: SIN QR
A25: 46241 | B25: 0.83032407 | C25: Claudio Ramirez | D25: Z13-CV14 | E25: SIN QR
A26: 46240 | B26: 0.50658565 | C26: JOSE SAEZ | D26: Robot carga 2 | E26: no econtrado
A27: 46240 | B27: 0.50322917 | C27: Nelson Ingles | D27: robot carga 1 | E27: sin qr
A28: 46240 | B28: 0.44267361 | C28: Javier Pincheira | D28: P5043 | E28: ubt sin qr con poleas sueltas
A29: 46238 | B29: 0.74113426 | C29: Enzo Munoz | D29: Lubricadora 3 | E29: Sin QR | F29: OK
A30: 46238 | B30: 0.74065972 | C30: Enzo Munoz | D30: Lubricadora 2 | E30: Sin QR | F30: OK
A31: 46238 | B31: 0.7400463 | C31: Enzo Munoz | D31: lubricadora 1 | E31: sin QR | F31: OK
A32: 46238 | B32: 0.44430556 | C32: Javier Pincheira | D32: load robot 1 | E32: sin codigo qr
A33: 46237 | B33: 0.31287037 | C33: Manuel Rivera | D33: 400B | E33: Qr defectuoso. no carga info

Sheet Sheet2
B2: =Equipos!D2 -> #VALUE! | E2: =Equipos!D182 -> #VALUE!
B3: =Equipos!D3 -> #VALUE! | E3: =Equipos!D183 -> #VALUE!
B4: =Equipos!D4 -> #VALUE! | E4: =Equipos!D184 -> #VALUE!
B5: =Equipos!D5 -> #VALUE! | E5: =Equipos!D185 -> #VALUE!
B6: =Equipos!D6 -> #VALUE! | E6: =Equipos!D186 -> #VALUE!
B7: =Equipos!D7 -> #VALUE! | E7: =Equipos!D187 -> #VALUE!
B8: =Equipos!D8 -> #VALUE! | E8: =Equipos!D188 -> #VALUE!
B9: =Equipos!D9 -> #VALUE! | E9: =Equipos!D189 -> #VALUE!
B10: =Equipos!D10 -> #VALUE! | E10: =Equipos!D190 -> #VALUE!
B11: =Equipos!D11 -> #VALUE! | E11: =Equipos!D191 -> #VALUE!
B12: =Equipos!D12 -> #VALUE! | E12: =Equipos!D192 -> #VALUE!
B13: =Equipos!D13 -> #VALUE! | E13: =Equipos!D193 -> #VALUE!
... B181: =Equipos!D181 -> #VALUE! | E181: =Equipos!D361 -> #VALUE!

Sheet Sheet1
A1: Fecha | B1: Hora | C1: Usuario | D1: Equipo | E1: Comentario | F1: Acción
A2: 46261 | B2: 0.60030093 | C2: MARTIN ORELLANA | D2: press Robot 600A | E2: no cuenta con QR del eje Y
A3: 46260 | B3: 0.63461806 | C3: JOSE SAEZ | D3: horshoes 600a | E3: QR no encontrado (
A4: 46254 | B4: 0.047164352 | C4: Luis Mella | D4: RBD02 | E4: SIN QR. EQUIPO SIN PODER HACER HOME OJO TRAS CAIDA DE VOLTAJE EN PLANTA Y EN GENERAL AL APAGAR EQUIPO
A5: 46246 | B5: 0.35331019 | C5: Luis Mella | D5: Z12CV229 | E5: TABLERO SIN FUNCIONAMIENTO CON POINT I O DESENERGIZADO FUENTE DE PODER ACTIVA AL IGUAL QUE SISTEMA DE SEGURIDAD
A6: 46246 | B6: 0.34260417 | C6: Luis Mella | D6: Z12 CV244 | E6: ITRLX
A7: 46243 | B7: 0.67369213 | C7: Cristian Curin | D7: CC01 P4235 | E7: -
A8: 46243 | B8: 0.67320602 | C8: Cristian Curin | D8: CC01 P4230 | E8: -
A9: 46243 | B9: 0.67258102 | C9: Cristian Curin | D9: CC01 P4225 | E9: -
A10: 46243 | B10: 0.66819444 | C10: Cristian Curin | D10: CC01 P4450 | E10: RECIRCULACION
A11: 46242 | B11: 0.37708333 | C11: Jaime Plaza | D11: UNLOAD 2 | E11: SIN QR TABLERO PRINCIPAL
A12: 46241 | B12: 0.87993056 | C12: Claudio Ramirez | D12: Z13-CV38-Z2 | E12: SIN QR
A13: 46241 | B13: 0.87954861 | C13: Claudio Ramirez | D13: Z13-CV38-Z1 | E13: SIN QR
... A36: 46237 | B36: 0.31287037 | C36: Manuel Rivera | D36: 400B | E36: Qr defectuoso. no carga info
